<?xml version="1.0" encoding="UTF-8"?>
<!DOCTYPE mapper PUBLIC "-//mybatis.org//DTD Mapper 3.0//EN" "http://mybatis.org/dtd/mybatis-3-mapper.dtd">
<mapper namespace="com.example.certificate.infrastructure.persistence.mybatis.mapper.CertificateMapper">

    <resultMap id="certificateResultMap" type="com.example.certificate.domain.model.Certificate">
        <id property="id" column="id"/>
        <result property="content.publicKey" column="public_key" jdbcType="VARCHAR"/>
        <result property="content.privateKey" column="private_key" jdbcType="VARCHAR"/>
        <result property="status" column="status" typeHandler="org.apache.ibatis.type.EnumTypeHandler"/>
        <result property="issueDate" column="issue_date"/>
        <result property="expiryDate" column="expiry_date"/>
    </resultMap>

    <insert id="insert" parameterType="com.example.certificate.domain.model.Certificate">
        INSERT INTO certificates (id, public_key, private_key, status, issue_date, expiry_date)
        VALUES (#{id}, #{content.publicKey}, #{content.privateKey}, #{status}, #{issueDate}, #{expiryDate})
    </insert>

    <select id="selectById" resultMap="certificateResultMap">
        SELECT * FROM certificates WHERE id = #{id}
    </select>

    <update id="update" parameterType="com.example.certificate.domain.model.Certificate">
        UPDATE certificates
        SET public_key = #{content.publicKey},
            private_key = #{content.privateKey},
            status = #{status},
            issue_date = #{issueDate},
            expiry_date = #{expiryDate}
        WHERE id = #{id}
    </update>

    <delete id="delete">
        DELETE FROM certificates WHERE id = #{id}
    </delete>
</mapper>